0;1;Levi;94;false;true;false;22;154;258;724;1;1;1
1;2;Sofia;91;false;true;false;89;30;279;694;1;1;1
2;3;Riley;96;false;true;false;99;31;194;569;1;1;1
3;4;Liam;97;false;true;false;31;474;283;633;1;1;1
4;5;Lillian;94;false;true;false;54;93;198;721;1;1;1
5;1;Addison;62;true;false;false;7;316;219;613;2;1;1
6;2;Emma;84;true;false;true;85;188;157;660;2;1;1
7;3;Ellie;63;true;false;true;72;218;229;653;2;1;1
8;4;Jonathan;54;false;true;false;37;81;221;731;2;1;1
9;5;Willow;72;false;true;false;2;419;180;605;2;1;1
10;1;Aubrey;83;false;true;false;12;64;190;714;3;1;1
11;2;Levi;88;false;true;false;88;67;207;695;3;1;1
12;3;Joseph;96;false;false;false;34;476;255;741;3;1;1
13;4;Joseph;72;true;true;false;36;293;167;590;3;1;1
14;5;Charles;93;true;false;true;1;143;255;743;3;1;1
15;1;Anthony;73;false;true;false;40;480;181;600;4;1;1
16;2;Lillian;78;false;false;false;73;440;249;730;4;1;1
17;3;Lucy;71;true;true;true;85;43;170;659;4;1;1
18;4;Jayden;58;false;false;false;23;323;157;659;4;1;1
19;5;Luna;92;true;true;false;45;460;257;671;4;1;1
20;1;Anthony;71;false;false;false;24;181;211;667;5;1;1
21;2;Lincoln;52;true;true;false;72;348;153;558;5;1;1
22;3;Brooklyn;98;false;false;false;95;442;221;607;5;1;1
23;4;Isaac;62;false;true;false;63;346;203;605;5;1;1
24;5;Joseph;63;false;false;false;69;14;158;614;5;1;1
25;1;Aiden;83;false;false;false;11;24;154;717;1;2;1
26;2;Noah;83;true;false;true;27;27;294;628;1;2;1
27;3;Owen;66;false;true;false;99;46;194;720;1;2;1
28;4;Owen;99;true;false;false;3;288;288;679;1;2;1
29;5;Connor;86;true;false;false;75;372;297;644;1;2;1
30;1;Scarlett;40;false;true;false;28;291;188;608;2;2;1
31;2;Zoey;54;false;true;false;68;268;232;675;2;2;1
32;3;Matthew;63;false;false;false;63;27;267;598;2;2;1
33;4;Nathan;78;true;false;false;14;39;172;731;2;2;1
34;5;Jonathan;94;true;false;false;50;440;157;694;2;2;1
35;1;Luke;52;true;true;false;83;300;247;664;3;2;1
36;2;Leah;41;false;false;false;48;494;290;646;3;2;1
37;3;Ava;53;false;false;false;22;266;255;741;3;2;1
38;4;Sebastian;76;false;true;false;99;223;254;585;3;2;1
39;5;Lily;73;false;true;false;79;263;196;729;3;2;1
40;1;Ethan;89;true;true;false;44;8;254;550;4;2;1
41;2;Camila;59;true;false;true;28;436;287;671;4;2;1
42;3;Sofia;93;true;false;true;91;247;234;693;4;2;1
43;4;Aubrey;65;true;false;false;0;425;233;689;4;2;1
44;5;Madison;41;false;true;false;68;207;160;685;4;2;1
45;1;Harper;65;false;false;false;76;17;150;750;5;2;1
46;2;Isaiah;96;true;false;true;19;369;158;732;5;2;1
47;3;Nora;52;false;true;false;30;22;281;723;5;2;1
48;4;Daniel;56;false;true;false;74;181;269;561;5;2;1
49;5;Brooklyn;57;false;false;false;55;191;184;699;5;2;1
50;1;Oliver;58;true;true;false;22;344;259;559;1;3;1
51;2;Mateo;56;true;false;true;65;133;197;743;1;3;1
52;3;Charlotte;90;false;true;false;67;124;233;653;1;3;1
53;4;Maverick;59;true;true;false;19;98;266;737;1;3;1
54;5;Gianna;41;true;true;false;9;422;189;746;1;3;1
55;1;Ava;53;false;true;false;21;294;191;708;2;3;1
56;2;Penelope;97;true;true;false;96;421;189;581;2;3;1
57;3;Alexander;66;true;true;true;85;20;277;707;2;3;1
58;4;Madison;46;false;false;false;39;25;231;565;2;3;1
59;5;Layla;55;true;false;false;28;187;249;717;2;3;1
60;1;Brooklyn;75;true;true;true;98;200;282;732;3;3;1
61;2;Michael;44;true;false;false;82;283;220;676;3;3;1
62;3;Penelope;71;true;false;true;51;199;253;704;3;3;1
63;4;Olivia;69;true;true;true;9;360;196;592;3;3;1
64;5;Charles;49;true;true;true;30;118;217;704;3;3;1
65;1;Grace;86;false;true;false;85;302;249;721;4;3;1
66;2;Caleb;66;false;false;false;51;141;266;726;4;3;1
67;3;David;88;true;true;true;47;330;241;675;4;3;1
68;4;Willow;80;false;false;false;4;388;268;571;4;3;1
69;5;Sebastian;65;false;false;false;36;444;212;622;4;3;1
70;1;Logan;64;true;true;false;10;394;276;731;5;3;1
71;2;Bella;71;false;false;false;20;29;278;639;5;3;1
72;3;Elijah;65;true;true;false;4;68;185;732;5;3;1
73;4;Savannah;51;true;true;true;32;386;215;689;5;3;1
74;5;Connor;51;false;true;false;42;14;297;639;5;3;1
75;1;Caleb;98;false;true;false;95;413;288;654;1;4;1
76;2;Riley;72;true;true;false;48;494;205;682;1;4;1
77;3;Samuel;63;false;true;false;50;163;261;683;1;4;1
78;4;Lily;40;true;false;false;86;185;253;616;1;4;1
79;5;Riley;60;false;false;false;92;419;296;692;1;4;1
80;1;Maya;60;true;false;false;81;214;210;562;2;4;1
81;2;Olivia;73;true;false;true;2;388;222;612;2;4;1
82;3;Paisley;68;true;false;true;87;57;281;649;2;4;1
83;4;Natalie;98;true;true;false;70;94;269;738;2;4;1
84;5;Jayden;40;true;true;false;31;243;253;707;2;4;1
85;1;Charles;54;true;false;true;70;301;154;552;3;4;1
86;2;Lucy;85;true;true;true;27;21;163;598;3;4;1
87;3;Grace;100;true;false;false;23;245;229;553;3;4;1
88;4;Aiden;88;false;false;false;98;198;177;723;3;4;1
89;5;Mateo;68;false;true;false;72;288;214;635;3;4;1
90;1;Gabriel;100;false;false;false;93;94;225;674;4;4;1
91;2;Jayden;57;false;false;false;98;180;276;718;4;4;1
92;3;Joseph;47;false;false;false;58;454;247;575;4;4;1
93;4;Liam;91;false;true;false;78;118;215;675;4;4;1
94;5;Daniel;61;false;true;false;96;124;244;744;4;4;1
95;1;Jack;95;false;true;false;84;481;208;711;5;4;1
96;2;Nevaeh;72;false;true;false;5;264;269;647;5;4;1
97;3;Henry;86;true;true;true;14;149;279;592;5;4;1
98;4;Matthew;48;false;false;false;74;402;189;704;5;4;1
99;5;Stella;56;false;false;false;42;47;178;625;5;4;1
100;1;Eli;55;true;false;true;10;30;270;696;1;5;1
101;2;Olivia;48;false;true;false;98;23;246;737;1;5;1
102;3;Sebastian;71;true;false;false;92;68;221;723;1;5;1
103;4;Ellie;69;false;false;false;72;340;260;602;1;5;1
104;5;James;43;true;false;false;61;230;210;631;1;5;1
105;1;Sophia;41;true;true;true;93;387;266;617;2;5;1
106;2;Nevaeh;46;false;true;false;87;117;267;712;2;5;1
107;3;Sebastian;66;true;false;false;13;252;225;586;2;5;1
108;4;Caleb;51;true;false;true;15;54;223;578;2;5;1
109;5;Sebastian;46;true;false;false;30;181;159;595;2;5;1
110;1;Oliver;68;false;false;false;40;57;300;710;3;5;1
111;2;Michael;100;true;false;false;18;390;274;724;3;5;1
112;3;Brooklyn;60;false;false;false;93;93;206;597;3;5;1
113;4;Isaac;60;true;false;true;69;466;272;561;3;5;1
114;5;Penelope;100;true;true;true;46;285;175;656;3;5;1
115;1;Aubrey;41;false;true;false;22;462;258;742;4;5;1
116;2;Sofia;96;true;false;true;24;161;279;586;4;5;1
117;3;Emilia;58;true;true;true;51;305;250;658;4;5;1
118;4;Nora;51;false;false;false;41;352;273;670;4;5;1
119;5;Matthew;65;true;false;true;23;226;285;640;4;5;1
120;1;Addison;98;false;true;false;66;344;294;728;5;5;1
121;2;Ella;89;false;false;false;10;26;168;735;5;5;1
122;3;Sebastian;100;true;true;true;66;361;269;697;5;5;1
123;4;Matthew;55;false;false;false;15;255;239;668;5;5;1
124;5;Ezra;43;false;true;false;71;485;229;601;5;5;1
125;1;Wyatt;70;true;false;true;80;224;259;627;1;1;2
126;2;Layla;74;true;false;false;15;138;245;574;1;1;2
127;3;Liam;42;true;true;true;69;413;247;673;1;1;2
128;4;Lillian;73;true;false;true;95;320;171;583;1;1;2
129;5;Henry;54;true;false;true;4;283;185;710;1;1;2
130;1;Natalie;90;true;true;true;21;385;284;554;2;1;2
131;2;Ella;75;true;false;false;26;301;210;683;2;1;2
132;3;Lily;80;true;false;false;60;146;202;665;2;1;2
133;4;Gianna;86;true;true;false;31;64;270;611;2;1;2
134;5;Harper;84;true;true;true;3;179;208;614;2;1;2
135;1;Olivia;51;true;true;false;10;356;180;698;3;1;2
136;2;Carter;72;false;false;false;52;462;254;663;3;1;2
137;3;Luke;79;true;false;false;30;488;164;570;3;1;2
138;4;Grace;98;true;false;true;99;212;283;729;3;1;2
139;5;Lillian;68;true;false;true;99;276;283;582;3;1;2
140;1;Ellie;98;true;false;false;9;172;170;625;4;1;2
141;2;Alexander;95;false;true;false;98;446;210;707;4;1;2
142;3;Oliver;97;false;false;false;78;253;234;661;4;1;2
143;4;Logan;65;false;true;false;75;396;233;628;4;1;2
144;5;Samuel;83;false;false;false;56;433;229;553;4;1;2
145;1;Lucy;71;false;false;false;35;341;155;687;5;1;2
146;2;Carter;76;true;true;false;37;403;285;611;5;1;2
147;3;Leah;42;true;false;false;82;99;173;631;5;1;2
148;4;Lily;59;true;true;false;24;319;165;561;5;1;2
149;5;Nathan;57;false;true;false;26;454;198;609;5;1;2
150;1;Luna;99;true;false;true;86;165;225;678;1;2;2
151;2;Madison;75;true;false;true;68;74;171;748;1;2;2
152;3;Camila;77;false;true;false;1;224;264;678;1;2;2
153;4;Madison;75;true;false;false;44;283;263;605;1;2;2
154;5;Charlotte;93;false;false;false;99;333;248;642;1;2;2
155;1;Chloe;49;true;false;false;21;483;267;725;2;2;2
156;2;Elijah;74;true;false;false;85;148;166;649;2;2;2
157;3;Brooklyn;58;false;false;false;69;360;244;685;2;2;2
158;4;Lillian;77;false;false;false;22;412;252;551;2;2;2
159;5;Jonathan;81;true;true;true;1;29;192;715;2;2;2
160;1;Joseph;87;true;true;false;12;341;268;743;3;2;2
161;2;Liam;59;false;false;false;63;305;294;618;3;2;2
162;3;Maya;41;true;true;true;38;97;236;582;3;2;2
163;4;Zoe;74;false;true;false;51;14;184;638;3;2;2
164;5;Amelia;46;true;false;false;42;143;285;681;3;2;2
165;1;Nevaeh;68;false;true;false;63;454;208;581;4;2;2
166;2;Andrew;82;false;false;false;70;82;223;639;4;2;2
167;3;Nathan;88;true;false;true;38;47;251;554;4;2;2
168;4;Layla;43;false;true;false;69;386;288;579;4;2;2
169;5;Stella;80;true;true;true;5;414;160;660;4;2;2
170;1;Henry;81;true;true;false;18;60;275;737;5;2;2
171;2;Layla;78;true;false;true;10;437;204;576;5;2;2
172;3;Nicholas;48;false;true;false;56;245;173;550;5;2;2
173;4;Alexander;57;false;true;false;86;56;277;634;5;2;2
174;5;Mateo;56;true;false;false;49;74;173;555;5;2;2
175;1;Zoe;66;false;true;false;32;129;282;615;1;3;2
176;2;Jonathan;83;true;true;false;80;429;289;665;1;3;2
177;3;Ella;82;false;false;false;39;482;256;583;1;3;2
178;4;Aurora;80;false;false;false;24;235;281;595;1;3;2
179;5;Ezra;79;false;false;false;94;448;300;724;1;3;2
180;1;Maya;86;true;true;true;81;172;272;732;2;3;2
181;2;Jack;100;false;false;false;79;235;183;607;2;3;2
182;3;Levi;89;true;true;false;42;115;255;746;2;3;2
183;4;Charles;65;false;false;false;76;436;214;731;2;3;2
184;5;Amelia;82;true;true;false;8;167;167;737;2;3;2
185;1;Ethan;92;true;false;true;80;77;167;554;3;3;2
186;2;Emma;91;false;false;false;17;136;230;640;3;3;2
187;3;James;47;true;false;false;33;433;283;612;3;3;2
188;4;Lucy;78;false;false;false;52;379;291;620;3;3;2
189;5;Isabella;90;true;false;true;95;296;235;606;3;3;2
190;1;Chloe;61;true;false;false;43;273;300;643;4;3;2
191;2;Michael;55;false;false;false;60;220;250;706;4;3;2
192;3;Hunter;82;true;false;true;34;234;188;551;4;3;2
193;4;Emma;78;true;false;true;7;314;218;695;4;3;2
194;5;Joseph;41;false;true;false;63;118;192;629;4;3;2
195;1;Emilia;79;false;false;false;86;128;285;643;5;3;2
196;2;Samuel;78;false;true;false;25;487;289;661;5;3;2
197;3;Henry;61;false;false;false;58;486;289;630;5;3;2
198;4;Elijah;52;true;true;true;34;388;291;623;5;3;2
199;5;Madison;57;false;true;false;14;144;182;741;5;3;2
200;1;Levi;85;true;true;false;10;263;260;619;1;4;2
201;2;Owen;85;false;false;false;100;165;203;716;1;4;2
202;3;Hannah;54;false;true;false;93;17;280;607;1;4;2
203;4;Lillian;83;false;false;false;37;150;273;601;1;4;2
204;5;Joseph;82;true;true;false;37;335;182;628;1;4;2
205;1;Jayden;45;false;false;false;10;330;196;729;2;4;2
206;2;Harper;100;true;false;false;77;341;205;647;2;4;2
207;3;Mia;43;false;true;false;18;67;212;750;2;4;2
208;4;Lincoln;71;true;true;true;62;34;158;723;2;4;2
209;5;Noah;54;true;false;true;5;492;204;577;2;4;2
210;1;Zoe;81;false;true;false;5;231;206;648;3;4;2
211;2;Nova;49;true;false;false;36;77;175;607;3;4;2
212;3;Hannah;56;true;false;true;29;0;180;657;3;4;2
213;4;Sofia;54;true;true;false;85;213;286;662;3;4;2
214;5;Joseph;44;true;true;true;13;465;167;697;3;4;2
215;1;Willow;45;true;false;true;76;322;223;593;4;4;2
216;2;Zoe;44;true;true;false;0;116;161;558;4;4;2
217;3;Grace;88;true;true;true;46;255;251;699;4;4;2
218;4;Samuel;45;true;false;false;27;365;263;576;4;4;2
219;5;Leah;60;true;false;false;37;481;186;686;4;4;2
220;1;Isaiah;88;true;false;false;92;355;292;658;5;4;2
221;2;Savannah;99;false;false;false;95;288;285;604;5;4;2
222;3;Ella;96;false;false;false;8;57;278;619;5;4;2
223;4;Joseph;61;false;false;false;0;137;235;611;5;4;2
224;5;Olivia;80;true;false;false;86;383;269;618;5;4;2
225;1;Jackson;99;true;false;false;89;310;222;688;1;5;2
226;2;Samuel;42;false;true;false;4;40;164;735;1;5;2
227;3;Elijah;42;true;true;false;3;369;250;693;1;5;2
228;4;Henry;61;false;false;false;46;310;214;731;1;5;2
229;5;Skylar;43;true;false;true;58;438;297;608;1;5;2
230;1;Ava;77;false;true;false;29;219;254;581;2;5;2
231;2;Charlotte;43;true;false;false;2;277;281;609;2;5;2
232;3;Hannah;80;true;true;false;8;167;207;574;2;5;2
233;4;Anthony;74;true;false;false;83;112;248;707;2;5;2
234;5;Luke;42;false;true;false;44;212;256;556;2;5;2
235;1;Stella;46;false;false;false;59;390;224;623;3;5;2
236;2;Owen;48;true;false;true;48;15;162;574;3;5;2
237;3;Hunter;61;false;false;false;29;13;184;714;3;5;2
238;4;Charlotte;50;false;false;false;74;262;189;556;3;5;2
239;5;Mateo;80;false;false;false;35;402;205;680;3;5;2
240;1;David;54;false;true;false;17;104;192;589;4;5;2
241;2;Ethan;52;false;true;false;82;305;184;715;4;5;2
242;3;Amelia;83;false;false;false;29;169;258;737;4;5;2
243;4;Ellie;57;false;true;false;97;139;187;569;4;5;2
244;5;Daniel;100;false;true;false;8;276;269;598;4;5;2
245;1;Wyatt;69;false;false;false;65;301;253;565;5;5;2
246;2;Connor;58;true;true;true;78;422;275;619;5;5;2
247;3;Stella;41;true;false;true;85;310;224;597;5;5;2
248;4;Valentina;79;false;true;false;43;157;210;608;5;5;2
249;5;Noah;46;true;false;false;5;444;221;650;5;5;2
250;1;Henry;55;false;false;false;100;247;299;670;1;1;3
251;2;Owen;57;true;true;true;91;173;154;625;1;1;3
252;3;Ava;86;true;true;false;86;303;220;718;1;1;3
253;4;Chloe;73;false;false;false;34;56;261;581;1;1;3
254;5;Logan;72;false;true;false;25;401;292;635;1;1;3
255;1;Zoey;92;false;false;false;89;357;253;632;2;1;3
256;2;Elijah;72;true;false;true;16;18;178;680;2;1;3
257;3;Olivia;81;false;false;false;20;258;250;629;2;1;3
258;4;Logan;53;false;true;false;96;139;268;695;2;1;3
259;5;Matthew;45;true;false;true;21;3;292;649;2;1;3
260;1;Brooklyn;90;false;false;false;100;221;249;741;3;1;3
261;2;Jonathan;78;true;true;true;57;119;200;684;3;1;3
262;3;Nathan;57;true;true;false;82;218;200;630;3;1;3
263;4;Aubrey;87;true;true;false;39;86;197;611;3;1;3
264;5;Daniel;44;true;false;false;95;252;180;742;3;1;3
265;1;Lillian;72;false;true;false;70;253;185;591;4;1;3
266;2;Andrew;78;false;false;false;91;0;252;588;4;1;3
267;3;Maverick;90;true;true;true;5;22;156;565;4;1;3
268;4;Henry;57;false;true;false;32;138;197;552;4;1;3
269;5;Aiden;79;false;false;false;96;10;264;569;4;1;3
270;1;Owen;56;true;true;false;2;243;291;644;5;1;3
271;2;Penelope;65;true;false;false;100;411;269;637;5;1;3
272;3;Nora;96;false;false;false;68;80;224;587;5;1;3
273;4;Emilia;41;false;true;false;13;421;206;690;5;1;3
274;5;Benjamin;76;true;true;true;7;188;254;646;5;1;3
275;1;Emilia;81;true;true;true;40;147;184;734;1;2;3
276;2;Layla;44;false;false;false;40;268;207;616;1;2;3
277;3;Michael;43;false;false;false;22;431;245;628;1;2;3
278;4;Andrew;77;false;false;false;59;492;283;702;1;2;3
279;5;Andrew;44;true;true;false;49;484;222;682;1;2;3
280;1;Aubrey;74;true;false;false;24;56;290;702;2;2;3
281;2;Mia;81;false;false;false;63;191;286;607;2;2;3
282;3;Connor;91;false;true;false;76;69;297;628;2;2;3
283;4;Luke;57;false;true;false;29;260;263;718;2;2;3
284;5;Layla;76;true;true;false;55;236;167;694;2;2;3
285;1;Ava;68;false;false;false;92;449;189;584;3;2;3
286;2;Madison;58;true;true;false;83;387;243;668;3;2;3
287;3;Natalie;78;true;true;true;47;43;247;581;3;2;3
288;4;Mateo;70;false;false;false;46;17;292;568;3;2;3
289;5;Lucy;49;false;true;false;18;15;204;624;3;2;3
290;1;James;92;true;false;true;58;265;198;596;4;2;3
291;2;Aiden;68;false;false;false;29;50;203;630;4;2;3
292;3;Jack;59;false;true;false;59;411;217;656;4;2;3
293;4;Joseph;65;false;true;false;83;289;274;726;4;2;3
294;5;Jackson;83;false;false;false;5;282;203;645;4;2;3
295;1;David;57;false;false;false;40;133;214;748;5;2;3
296;2;Hannah;56;false;true;false;38;379;200;642;5;2;3
297;3;Samuel;52;false;true;false;8;24;247;555;5;2;3
298;4;Jayden;82;false;true;false;89;211;286;574;5;2;3
299;5;Henry;65;true;true;true;83;131;233;583;5;2;3
300;1;Maverick;41;true;true;false;55;392;242;676;1;3;3
301;2;Brooklyn;69;false;true;false;8;134;265;582;1;3;3
302;3;Nora;80;true;false;true;12;120;262;596;1;3;3
303;4;Brooklyn;95;true;false;true;83;298;232;558;1;3;3
304;5;Claire;86;true;true;false;32;248;184;602;1;3;3
305;1;Stella;50;false;true;false;32;428;189;746;2;3;3
306;2;Brooklyn;40;true;true;true;92;405;230;614;2;3;3
307;3;Layla;56;true;false;true;25;72;176;745;2;3;3
308;4;Hunter;72;true;false;false;94;104;194;716;2;3;3
309;5;Carter;70;false;true;false;25;54;200;669;2;3;3
310;1;Andrew;50;true;false;true;44;446;155;734;3;3;3
311;2;Brooklyn;48;false;true;false;70;405;292;709;3;3;3
312;3;Michael;77;false;false;false;16;21;228;708;3;3;3
313;4;Savannah;99;false;true;false;3;294;159;568;3;3;3
314;5;Aurora;72;false;true;false;72;445;174;624;3;3;3
315;1;Ava;83;true;true;true;49;251;250;629;4;3;3
316;2;Harper;48;true;true;false;84;154;212;623;4;3;3
317;3;Addison;92;true;false;false;77;498;200;574;4;3;3
318;4;Eli;69;false;true;false;100;291;239;674;4;3;3
319;5;Zoe;48;true;true;false;3;418;276;724;4;3;3
320;1;Jack;61;false;false;false;29;315;179;745;5;3;3
321;2;Hannah;90;true;true;false;4;486;161;746;5;3;3
322;3;Addison;40;true;false;false;17;467;186;604;5;3;3
323;4;Henry;64;true;false;false;27;249;165;553;5;3;3
324;5;Jackson;96;false;false;false;6;431;170;713;5;3;3
325;1;Elijah;83;false;true;false;68;45;211;631;1;4;3
326;2;Isaac;98;false;true;false;55;261;180;674;1;4;3
327;3;Sofia;60;false;true;false;36;479;254;557;1;4;3
328;4;Layla;85;true;true;true;81;377;231;612;1;4;3
329;5;Alexander;58;false;false;false;69;50;213;718;1;4;3
330;1;Brooklyn;91;true;true;true;46;322;208;728;2;4;3
331;2;Christian;92;false;false;false;4;28;277;599;2;4;3
332;3;Maverick;47;true;false;true;77;98;153;628;2;4;3
333;4;Elijah;86;true;false;false;6;431;263;745;2;4;3
334;5;Ezra;97;false;true;false;75;158;286;647;2;4;3
335;1;Camila;45;true;false;false;8;268;295;616;3;4;3
336;2;Ava;88;true;false;false;68;236;208;750;3;4;3
337;3;Hunter;57;true;true;false;56;463;214;596;3;4;3
338;4;Riley;47;false;false;false;96;111;288;604;3;4;3
339;5;Stella;77;false;true;false;84;373;192;582;3;4;3
340;1;Zoey;81;false;false;false;1;339;231;695;4;4;3
341;2;Skylar;97;true;true;true;79;316;179;692;4;4;3
342;3;Ezra;57;false;true;false;7;381;206;732;4;4;3
343;4;Jackson;69;true;true;true;38;474;281;559;4;4;3
344;5;Samuel;94;true;false;true;79;297;213;696;4;4;3
345;1;Sofia;90;false;true;false;72;421;263;567;5;4;3
346;2;Lincoln;83;false;false;false;80;385;178;589;5;4;3
347;3;Nova;82;false;true;false;41;200;171;722;5;4;3
348;4;Isaac;100;false;false;false;55;292;174;635;5;4;3
349;5;Caleb;77;true;true;false;62;70;206;662;5;4;3
350;1;Liam;95;true;false;true;72;171;265;600;1;5;3
351;2;Amelia;70;false;true;false;71;32;163;643;1;5;3
352;3;Hunter;50;false;false;false;19;297;178;563;1;5;3
353;4;Olivia;50;false;true;false;66;153;238;569;1;5;3
354;5;Zoe;96;false;true;false;7;294;219;616;1;5;3
355;1;Valentina;71;true;false;false;5;90;170;721;2;5;3
356;2;Levi;84;false;true;false;20;372;232;650;2;5;3
357;3;Samuel;71;false;false;false;47;243;297;734;2;5;3
358;4;Sophia;91;true;false;false;100;191;202;573;2;5;3
359;5;Noah;70;false;false;false;67;475;247;629;2;5;3
360;1;Matthew;82;false;false;false;4;315;210;735;3;5;3
361;2;Lillian;42;false;true;false;71;208;209;613;3;5;3
362;3;Grace;83;false;false;false;72;293;269;748;3;5;3
363;4;Luke;82;true;true;false;86;141;268;681;3;5;3
364;5;Joseph;72;false;false;false;31;280;179;747;3;5;3
365;1;Isaac;95;false;true;false;2;50;162;718;4;5;3
366;2;Lily;44;false;false;false;37;14;265;629;4;5;3
367;3;Skylar;91;false;true;false;1;160;212;575;4;5;3
368;4;Nora;72;false;true;false;46;52;162;598;4;5;3
369;5;Riley;68;true;false;false;62;204;193;657;4;5;3
370;1;Liam;50;false;false;false;62;142;218;602;5;5;3
371;2;Hunter;48;false;true;false;16;433;171;696;5;5;3
372;3;Jack;66;false;true;false;85;181;207;695;5;5;3
373;4;Caleb;93;false;false;false;33;322;249;602;5;5;3
374;5;Grace;86;true;false;true;84;397;288;570;5;5;3
375;1;Victoria;76;true;false;true;80;62;232;554;1;1;4
376;2;Stella;46;true;false;true;34;118;234;673;1;1;4
377;3;Penelope;54;true;true;false;64;9;178;637;1;1;4
378;4;Claire;71;true;true;true;83;422;187;674;1;1;4
379;5;Emilia;76;true;true;false;83;61;174;563;1;1;4
380;1;Alexander;98;true;false;false;51;206;273;608;2;1;4
381;2;Luke;84;false;true;false;79;314;169;556;2;1;4
382;3;Levi;89;true;false;false;37;3;166;607;2;1;4
383;4;Aurora;95;true;false;false;34;41;164;660;2;1;4
384;5;Ellie;82;true;true;false;58;387;181;649;2;1;4
385;1;Lincoln;46;false;false;false;73;155;216;595;3;1;4
386;2;Olivia;100;true;false;true;4;27;155;588;3;1;4
387;3;William;50;false;false;false;17;51;211;725;3;1;4
388;4;James;85;true;true;true;83;344;191;689;3;1;4
389;5;Daniel;51;false;false;false;56;324;168;684;3;1;4
390;1;Carter;95;true;true;false;2;462;215;659;4;1;4
391;2;Alexander;55;false;false;false;38;67;264;717;4;1;4
392;3;Benjamin;95;false;false;false;46;107;280;620;4;1;4
393;4;Carter;88;true;true;false;55;74;260;688;4;1;4
394;5;Scarlett;74;false;false;false;50;37;265;618;4;1;4
395;1;Gianna;80;false;true;false;100;317;258;577;5;1;4
396;2;Leah;99;false;false;false;19;459;172;581;5;1;4
397;3;Riley;44;false;false;false;74;453;195;700;5;1;4
398;4;Eli;58;false;true;false;87;244;229;579;5;1;4
399;5;Jonathan;91;false;false;false;52;298;268;603;5;1;4
400;1;Liam;90;true;true;false;15;351;168;710;1;2;4
401;2;Nevaeh;83;false;true;false;47;154;165;669;1;2;4
402;3;Bella;51;false;false;false;67;192;287;726;1;2;4
403;4;Andrew;72;true;false;false;10;135;280;697;1;2;4
404;5;Anthony;98;true;true;false;30;492;210;712;1;2;4
405;1;James;88;false;false;false;61;487;172;619;2;2;4
406;2;Carter;61;true;false;false;17;175;226;691;2;2;4
407;3;Joseph;85;true;false;true;40;379;282;633;2;2;4
408;4;Samuel;48;true;true;false;9;162;195;748;2;2;4
409;5;Savannah;59;false;false;false;76;160;281;577;2;2;4
410;1;Sebastian;44;true;false;false;61;253;174;721;3;2;4
411;2;Zoey;68;true;true;true;99;349;282;626;3;2;4
412;3;Isabella;77;true;false;true;9;29;159;719;3;2;4
413;4;Riley;75;true;false;false;46;448;289;636;3;2;4
414;5;Aiden;90;false;true;false;70;437;285;566;3;2;4
415;1;Chloe;43;false;false;false;59;236;157;563;4;2;4
416;2;Natalie;78;true;false;true;44;67;165;580;4;2;4
417;3;Chloe;80;true;true;true;0;143;279;692;4;2;4
418;4;Henry;73;false;true;false;96;362;248;611;4;2;4
419;5;Gianna;98;true;false;true;0;33;242;674;4;2;4
420;1;Elijah;58;true;true;false;16;254;279;744;5;2;4
421;2;Gabriel;54;false;true;false;100;326;163;598;5;2;4
422;3;Owen;74;true;false;true;44;315;226;701;5;2;4
423;4;Maya;49;false;true;false;93;87;259;724;5;2;4
424;5;Lucy;83;true;true;true;60;303;280;730;5;2;4
425;1;Christian;45;false;false;false;65;269;278;631;1;3;4
426;2;Olivia;42;false;true;false;36;425;282;662;1;3;4
427;3;Wyatt;67;true;true;true;56;263;163;680;1;3;4
428;4;Noah;86;true;true;true;19;483;174;718;1;3;4
429;5;Lucy;57;true;false;false;77;200;251;657;1;3;4
430;1;Michael;52;true;true;false;24;416;162;710;2;3;4
431;2;Charlotte;51;true;false;true;29;495;152;713;2;3;4
432;3;Samuel;96;false;false;false;82;315;257;668;2;3;4
433;4;Lucas;71;true;false;true;13;329;158;624;2;3;4
434;5;Wyatt;69;false;true;false;83;416;214;674;2;3;4
435;1;Lillian;72;false;false;false;17;217;256;628;3;3;4
436;2;Charles;56;true;true;true;76;76;178;719;3;3;4
437;3;Christian;56;true;false;true;77;337;238;707;3;3;4
438;4;Grace;69;true;false;false;20;73;231;591;3;3;4
439;5;Maya;40;false;true;false;32;347;171;570;3;3;4
440;1;Matthew;85;false;true;false;11;74;265;749;4;3;4
441;2;Logan;86;false;true;false;69;189;199;734;4;3;4
442;3;Jonathan;56;true;false;true;78;259;158;617;4;3;4
443;4;Aiden;90;false;false;false;60;416;193;651;4;3;4
444;5;Willow;81;false;false;false;43;293;251;689;4;3;4
445;1;Lincoln;72;true;true;false;95;8;205;610;5;3;4
446;2;Isaiah;96;false;true;false;9;309;230;620;5;3;4
447;3;Matthew;81;false;false;false;85;70;265;670;5;3;4
448;4;Carter;55;false;false;false;51;370;191;552;5;3;4
449;5;Jack;87;false;false;false;59;173;177;695;5;3;4
450;1;Nora;68;true;true;false;37;402;208;651;1;4;4
451;2;Andrew;53;true;true;true;98;280;159;662;1;4;4
452;3;Ava;93;true;false;true;72;41;169;605;1;4;4
453;4;David;69;false;true;false;38;64;197;600;1;4;4
454;5;Anthony;41;true;false;false;65;417;182;644;1;4;4
455;1;Gianna;62;true;true;true;61;25;192;707;2;4;4
456;2;Charles;55;false;true;false;55;328;285;576;2;4;4
457;3;Hannah;96;true;true;false;69;341;235;613;2;4;4
458;4;Daniel;96;false;true;false;58;173;219;711;2;4;4
459;5;Aurora;98;true;true;true;2;476;246;586;2;4;4
460;1;Aiden;45;true;true;true;37;138;195;707;3;4;4
461;2;Luke;56;false;false;false;40;60;216;741;3;4;4
462;3;Benjamin;42;false;true;false;57;66;237;627;3;4;4
463;4;Nicholas;87;false;false;false;24;131;171;593;3;4;4
464;5;Addison;45;true;false;true;79;9;263;686;3;4;4
465;1;Paisley;72;false;false;false;14;3;234;582;4;4;4
466;2;Willow;42;false;false;false;3;427;172;697;4;4;4
467;3;Henry;87;true;false;false;56;270;204;627;4;4;4
468;4;Luke;61;true;true;false;33;156;169;697;4;4;4
469;5;Emilia;98;false;false;false;80;184;190;705;4;4;4
470;1;Lucy;69;true;false;false;62;70;185;593;5;4;4
471;2;Logan;88;true;false;false;83;143;289;728;5;4;4
472;3;Zoe;70;false;false;false;96;60;259;583;5;4;4
473;4;Aubrey;46;false;true;false;44;118;295;614;5;4;4
474;5;Lucas;65;false;false;false;91;394;203;560;5;4;4
475;1;Sophia;99;true;false;false;92;496;181;660;1;5;4
476;2;Jackson;51;false;false;false;97;152;244;712;1;5;4
477;3;Lily;47;true;true;true;99;70;269;696;1;5;4
478;4;Isaiah;51;false;false;false;20;283;190;717;1;5;4
479;5;Camila;63;false;true;false;27;146;177;586;1;5;4
480;1;David;91;false;false;false;79;103;230;750;2;5;4
481;2;Chloe;63;false;false;false;15;93;239;744;2;5;4
482;3;Gianna;87;false;false;false;52;110;211;619;2;5;4
483;4;Benjamin;60;false;true;false;68;16;177;710;2;5;4
484;5;Samuel;44;false;true;false;13;2;240;693;2;5;4
485;1;Ava;92;false;true;false;46;72;287;739;3;5;4
486;2;Addison;56;false;true;false;27;30;203;563;3;5;4
487;3;David;57;true;true;true;47;54;216;689;3;5;4
488;4;Alexander;77;true;false;false;22;182;219;677;3;5;4
489;5;Hazel;56;false;true;false;54;113;281;692;3;5;4
490;1;Joseph;90;true;true;true;20;158;253;593;4;5;4
491;2;Stella;100;false;true;false;69;136;296;686;4;5;4
492;3;Joseph;45;false;true;false;12;158;152;579;4;5;4
493;4;Nathan;41;false;true;false;1;401;174;654;4;5;4
494;5;Sophia;46;false;true;false;12;69;272;578;4;5;4
495;1;Ella;43;false;false;false;89;344;171;648;5;5;4
496;2;Sophia;46;false;true;false;67;118;263;550;5;5;4
497;3;Leah;78;false;true;false;53;410;261;567;5;5;4
498;4;Carter;58;false;false;false;8;292;157;652;5;5;4
499;5;Hunter;49;true;true;true;82;98;237;748;5;5;4
500;1;Ezra;85;false;false;false;99;67;297;551;1;1;5
501;2;Leah;57;false;true;false;64;152;228;733;1;1;5
502;3;Grace;96;false;false;false;77;0;172;638;1;1;5
503;4;Jack;73;true;false;false;19;179;200;652;1;1;5
504;5;Ella;95;true;true;true;92;331;206;579;1;1;5
505;1;Madison;65;true;true;false;70;164;218;693;2;1;5
506;2;Hazel;71;true;false;true;89;381;294;598;2;1;5
507;3;Zoey;41;true;false;false;15;133;260;566;2;1;5
508;4;Mia;76;false;false;false;45;489;198;560;2;1;5
509;5;Ezra;79;true;false;true;82;77;238;689;2;1;5
510;1;William;89;true;false;true;70;381;224;701;3;1;5
511;2;Scarlett;44;true;true;false;82;455;223;638;3;1;5
512;3;Nova;69;true;false;false;35;368;239;685;3;1;5
513;4;Charlotte;80;false;true;false;39;217;183;610;3;1;5
514;5;Carter;73;false;true;false;38;55;287;562;3;1;5
515;1;Olivia;69;true;false;true;72;221;176;565;4;1;5
516;2;Nova;46;false;true;false;96;417;203;572;4;1;5
517;3;Liam;41;true;true;true;88;47;286;573;4;1;5
518;4;Sebastian;64;true;false;true;30;233;279;583;4;1;5
519;5;Ella;45;false;true;false;76;237;259;605;4;1;5
520;1;Riley;80;false;true;false;6;369;296;578;5;1;5
521;2;Riley;54;true;true;true;98;428;267;582;5;1;5
522;3;Carter;69;true;false;true;32;16;203;588;5;1;5
523;4;Andrew;44;true;true;true;70;412;241;705;5;1;5
524;5;Charlotte;50;false;true;false;32;457;298;600;5;1;5
525;1;Ella;57;true;false;false;46;154;160;727;1;2;5
526;2;Isaiah;43;false;false;false;29;323;292;588;1;2;5
527;3;Willow;55;false;false;false;58;105;264;672;1;2;5
528;4;Sophia;63;false;true;false;88;247;165;670;1;2;5
529;5;Ella;85;false;true;false;35;495;165;650;1;2;5
530;1;Sophia;82;true;true;false;58;449;218;580;2;2;5
531;2;Addison;93;true;false;false;49;304;230;726;2;2;5
532;3;Lily;91;true;true;false;85;245;291;614;2;2;5
533;4;Camila;62;false;true;false;58;1;251;632;2;2;5
534;5;Wyatt;93;true;false;false;57;300;206;699;2;2;5
535;1;Christian;80;true;false;false;67;242;269;676;3;2;5
536;2;Emma;77;true;false;true;6;139;300;572;3;2;5
537;3;Nicholas;59;true;true;false;38;450;161;551;3;2;5
538;4;Logan;81;true;true;true;78;200;157;578;3;2;5
539;5;Samuel;92;false;true;false;40;470;292;670;3;2;5
540;1;Nova;96;true;false;true;68;75;256;707;4;2;5
541;2;Ella;41;true;true;false;53;417;232;630;4;2;5
542;3;Lily;56;false;true;false;31;399;215;627;4;2;5
543;4;Skylar;84;false;false;false;70;369;284;720;4;2;5
544;5;Madison;74;true;false;true;75;224;231;747;4;2;5
545;1;Zoey;42;false;false;false;7;375;218;659;5;2;5
546;2;Benjamin;98;false;false;false;94;151;246;558;5;2;5
547;3;Sebastian;97;true;false;true;66;420;297;714;5;2;5
548;4;Ava;54;true;true;false;78;50;184;723;5;2;5
549;5;Penelope;56;false;false;false;47;152;230;718;5;2;5
550;1;Owen;65;true;true;false;71;337;293;748;1;3;5
551;2;Zoe;73;false;true;false;19;436;157;664;1;3;5
552;3;Claire;98;true;true;true;65;489;282;551;1;3;5
553;4;Gianna;91;true;false;true;83;141;168;605;1;3;5
554;5;Owen;49;false;true;false;55;221;153;663;1;3;5
555;1;Wyatt;95;false;true;false;36;370;245;675;2;3;5
556;2;Zoey;41;true;false;false;24;482;210;569;2;3;5
557;3;Wyatt;86;false;true;false;59;52;235;687;2;3;5
558;4;Henry;90;true;false;false;6;66;299;583;2;3;5
559;5;Emilia;93;false;true;false;74;117;250;741;2;3;5
560;1;Emma;45;true;false;false;5;21;206;651;3;3;5
561;2;Scarlett;67;true;true;false;73;409;169;572;3;3;5
562;3;Ava;74;false;true;false;70;368;196;653;3;3;5
563;4;Aiden;84;false;true;false;12;308;224;700;3;3;5
564;5;Emilia;66;true;false;false;36;157;238;714;3;3;5
565;1;Elijah;50;true;true;true;75;357;160;679;4;3;5
566;2;Isaac;47;false;false;false;69;212;169;686;4;3;5
567;3;Ava;76;false;true;false;66;157;285;728;4;3;5
568;4;Maverick;52;false;false;false;69;429;287;591;4;3;5
569;5;Matthew;43;true;false;false;46;27;225;563;4;3;5
570;1;David;64;true;true;false;43;8;253;624;5;3;5
571;2;Camila;68;true;false;false;80;33;274;640;5;3;5
572;3;William;67;false;false;false;95;56;272;574;5;3;5
573;4;Caleb;44;false;false;false;17;344;193;662;5;3;5
574;5;Nathan;98;false;true;false;70;50;208;617;5;3;5
575;1;Leah;92;true;false;false;20;97;268;699;1;4;5
576;2;Mateo;88;false;true;false;67;354;232;743;1;4;5
577;3;Willow;51;false;false;false;38;47;290;618;1;4;5
578;4;Sophia;43;false;false;false;31;235;178;730;1;4;5
579;5;Willow;69;false;true;false;82;257;265;692;1;4;5
580;1;Jonathan;67;false;true;false;46;177;203;668;2;4;5
581;2;Henry;100;true;true;false;82;241;213;741;2;4;5
582;3;Ava;93;false;false;false;15;319;236;684;2;4;5
583;4;Henry;89;true;false;true;55;189;234;610;2;4;5
584;5;Jack;60;false;false;false;16;292;215;695;2;4;5
585;1;Ava;53;true;true;false;99;175;171;742;3;4;5
586;2;Penelope;45;false;true;false;39;34;215;663;3;4;5
587;3;Noah;98;false;false;false;37;337;261;607;3;4;5
588;4;Hazel;50;false;false;false;49;42;289;585;3;4;5
589;5;Layla;46;true;false;false;31;34;239;724;3;4;5
590;1;James;77;true;false;true;41;235;210;580;4;4;5
591;2;Savannah;72;true;false;false;84;114;265;572;4;4;5
592;3;Harper;94;false;true;false;98;424;169;601;4;4;5
593;4;Stella;75;false;true;false;83;234;205;580;4;4;5
594;5;Mateo;92;false;false;false;93;196;207;551;4;4;5
595;1;Hazel;43;false;false;false;94;427;192;696;5;4;5
596;2;Lincoln;53;false;true;false;83;142;262;746;5;4;5
597;3;Harper;59;true;false;false;28;258;231;647;5;4;5
598;4;Nova;57;true;true;false;72;274;280;610;5;4;5
599;5;Brooklyn;50;true;true;true;7;107;249;621;5;4;5
600;1;Hannah;95;false;false;false;44;10;187;668;1;5;5
601;2;Emilia;45;true;false;false;55;269;188;571;1;5;5
602;3;Olivia;53;false;true;false;12;196;240;702;1;5;5
603;4;Evelyn;88;false;true;false;97;349;221;648;1;5;5
604;5;Charlotte;62;true;true;false;97;69;250;736;1;5;5
605;1;Noah;67;true;false;false;40;181;280;560;2;5;5
606;2;Madison;78;false;true;false;83;273;268;703;2;5;5
607;3;Hunter;78;false;true;false;71;228;239;713;2;5;5
608;4;Luke;72;false;false;false;88;377;195;701;2;5;5
609;5;Hannah;73;true;true;false;85;211;218;651;2;5;5
610;1;Samuel;79;false;true;false;60;121;218;638;3;5;5
611;2;Camila;92;false;false;false;33;109;285;604;3;5;5
612;3;Willow;75;false;false;false;12;412;258;750;3;5;5
613;4;Anthony;51;false;true;false;89;273;234;572;3;5;5
614;5;Jonathan;75;true;false;true;32;255;178;642;3;5;5
615;1;Isaac;82;true;false;false;77;298;210;700;4;5;5
616;2;Joseph;40;true;true;true;89;374;196;574;4;5;5
617;3;Samuel;87;true;true;false;69;82;159;588;4;5;5
618;4;Ella;42;false;true;false;87;453;204;665;4;5;5
619;5;Andrew;99;true;true;false;30;361;157;690;4;5;5
620;1;Penelope;41;true;true;true;66;500;300;735;5;5;5
621;2;Luke;94;true;true;false;29;79;289;718;5;5;5
622;3;Samuel;92;true;false;true;24;291;248;629;5;5;5
623;4;Henry;83;false;false;false;87;86;288;582;5;5;5
624;5;Willow;77;false;false;false;19;210;281;568;5;5;5
